{"cameraMode":{"drawMode":0,"name":"Shaded","section":"Shading Mode"},"sceneLighting":false,"audioPlay":false,"sceneViewState":{"m_AlwaysRefresh":false,"showFog":true,"showSkybox":false,"showFlares":true,"showImageEffects":true,"showParticleSystems":true,"showVisualEffectGraphs":true,"m_FxEnabled":true},"in2DMode":false,"pivot":{"x":0.00988006591796875,"y":0.8660287857055664,"z":1.1164478063583375},"rotation":{"x":-0.1893584430217743,"y":0.6055818200111389,"z":-0.15128619968891145,"w":-0.7579767107963562},"size":2.5587151050567629,"orthographic":false}