{"cameraMode":{"drawMode":0,"name":"Shaded","section":"Shading Mode"},"sceneLighting":false,"audioPlay":false,"sceneViewState":{"m_AlwaysRefresh":false,"showFog":true,"showSkybox":false,"showFlares":true,"showImageEffects":true,"showParticleSystems":true,"showVisualEffectGraphs":true,"m_FxEnabled":true},"in2DMode":false,"pivot":{"x":2.763183832168579,"y":-0.8665497303009033,"z":-2.4652915000915529},"rotation":{"x":-0.08825128525495529,"y":-0.09934427589178086,"z":0.008845362812280655,"w":-0.9910970330238342},"size":3.4284281730651857,"orthographic":false}