{"cameraMode":{"drawMode":0,"name":"Shaded","section":"Shading Mode"},"sceneLighting":false,"audioPlay":false,"sceneViewState":{"m_AlwaysRefresh":false,"showFog":true,"showSkybox":false,"showFlares":true,"showImageEffects":true,"showParticleSystems":true,"showVisualEffectGraphs":true,"m_FxEnabled":true},"in2DMode":false,"pivot":{"x":0.19269880652427674,"y":5.193469524383545,"z":-0.9326540231704712},"rotation":{"x":-0.5899075269699097,"y":-0.06473750621080399,"z":0.04753849655389786,"w":-0.8034752011299133},"size":2.2765114307403566,"orthographic":false}