{"cameraMode":{"drawMode":0,"name":"Shaded","section":"Shading Mode"},"sceneLighting":true,"audioPlay":false,"sceneViewState":{"m_AlwaysRefresh":false,"showFog":true,"showSkybox":true,"showFlares":true,"showImageEffects":true,"showParticleSystems":true,"showVisualEffectGraphs":true,"m_FxEnabled":true},"in2DMode":false,"pivot":{"x":7.084683418273926,"y":1.7488772869110108,"z":1.495619773864746},"rotation":{"x":0.05991637706756592,"y":-0.552016019821167,"z":0.039812829345464709,"w":0.8307258486747742},"size":0.6190470457077026,"orthographic":false}