{"cameraMode":{"drawMode":0,"name":"Shaded","section":"Shading Mode"},"sceneLighting":true,"audioPlay":false,"sceneViewState":{"m_AlwaysRefresh":false,"showFog":true,"showSkybox":true,"showFlares":true,"showImageEffects":true,"showParticleSystems":true,"showVisualEffectGraphs":true,"m_FxEnabled":true},"in2DMode":false,"pivot":{"x":10.566261291503907,"y":-33.74741744995117,"z":62.698333740234378},"rotation":{"x":-0.23260203003883363,"y":-0.09117168188095093,"z":0.021903790533542634,"w":-0.968048632144928},"size":42.99302673339844,"orthographic":false}