{"cameraMode":{"drawMode":0,"name":"Shaded","section":"Shading Mode"},"sceneLighting":true,"audioPlay":false,"sceneViewState":{"m_AlwaysRefresh":false,"showFog":true,"showSkybox":true,"showFlares":true,"showImageEffects":true,"showParticleSystems":true,"showVisualEffectGraphs":true,"m_FxEnabled":true},"in2DMode":false,"pivot":{"x":3.1216859817504885,"y":0.49378830194473269,"z":0.7244024276733398},"rotation":{"x":0.055129893124103549,"y":0.11060180515050888,"z":-0.006145907565951347,"w":0.9923168420791626},"size":1.379807472229004,"orthographic":false}