{"cameraMode":{"drawMode":0,"name":"Shaded","section":"Shading Mode"},"sceneLighting":true,"audioPlay":false,"sceneViewState":{"m_AlwaysRefresh":false,"showFog":true,"showSkybox":true,"showFlares":true,"showImageEffects":true,"showParticleSystems":true,"showVisualEffectGraphs":true,"m_FxEnabled":true},"in2DMode":false,"pivot":{"x":-0.5860376358032227,"y":1.6936445236206055,"z":2.8075761795043947},"rotation":{"x":0.12566672265529633,"y":-0.0014882691903039814,"z":0.00018700840882956982,"w":0.9920731782913208},"size":5.820192337036133,"orthographic":false}