{"cameraMode":{"drawMode":0,"name":"Shaded","section":"Shading Mode"},"sceneLighting":true,"audioPlay":false,"sceneViewState":{"m_AlwaysRefresh":false,"showFog":true,"showSkybox":true,"showFlares":true,"showImageEffects":true,"showParticleSystems":true,"showVisualEffectGraphs":true,"m_FxEnabled":true},"in2DMode":false,"pivot":{"x":646.5164794921875,"y":450.30255126953127,"z":1149.364013671875},"rotation":{"x":0.01649499498307705,"y":0.02308720164000988,"z":0.0003821804712060839,"w":-0.9995993375778198},"size":1433.1451416015625,"orthographic":false}